{
	"model": {
	  "type": "range_dispatch",
	  "property": "custom_model_data",
	  "entries": [
		{
		  "threshold": 1,
		  "model": {
			"type": "model",
			"model": "item/salmon/bluegill"
		  }
		},
		{
			"threshold": 2,
			"model": {
			  "type": "model",
			  "model": "item/salmon/brown_trout"
			}
		  },
		  {
			"threshold": 3,
			"model": {
			  "type": "model",
			  "model": "item/salmon/carp"
			}
		  },
		  {
			"threshold": 4,
			"model": {
			  "type": "model",
			  "model": "item/salmon/catfish"
			}
		  },
		  {
			"threshold": 5,
			"model": {
			  "type": "model",
			  "model": "item/salmon/gar"
			}
		  },
		  {
			"threshold": 6,
			"model": {
			  "type": "model",
			  "model": "item/salmon/minnow"
			}
		  },
		  {
			"threshold": 7,
			"model": {
			  "type": "model",
			  "model": "item/salmon/muskellunge"
			}
		  },
		  {
			"threshold": 8,
			"model": {
			  "type": "model",
			  "model": "item/salmon/perch"
			}
		  },
		  {
			"threshold": 9,
			"model": {
			  "type": "model",
			  "model": "item/salmon/smallmouth_bass"
			}
		  },
		  {
			"threshold": 10,
			"model": {
			  "type": "model",
			  "model": "item/salmon/blackfish"
			}
		  },
		  {
			"threshold": 11,
			"model": {
			  "type": "model",
			  "model": "item/salmon/cod"
			}
		  },
		  {
			"threshold": 12,
			"model": {
			  "type": "model",
			  "model": "item/salmon/halibut"
			}
		  },
		  {
			"threshold": 13,
			"model": {
			  "type": "model",
			  "model": "item/salmon/herring"
			}
		  },
		  {
			"threshold": 14,
			"model": {
			  "type": "model",
			  "model": "item/salmon/pink_salmon"
			}
		  },
		  {
			"threshold": 15,
			"model": {
			  "type": "model",
			  "model": "item/salmon/pollock"
			}
		  },
		  {
			"threshold": 16,
			"model": {
			  "type": "model",
			  "model": "item/salmon/rainbow_trout"
			}
		  },
		  {
			"threshold": 17,
			"model": {
			  "type": "model",
			  "model": "item/salmon/red_grouper"
			}
		  },
		  {
			"threshold": 18,
			"model": {
			  "type": "model",
			  "model": "item/salmon/tuna"
			}
		  },
		  {
			"threshold": 19,
			"model": {
			  "type": "model",
			  "model": "item/salmon/bayad"
			}
		  },
		  {
			"threshold": 20,
			"model": {
			  "type": "model",
			  "model": "item/salmon/boulti"
			}
		  },
		  {
			"threshold": 21,
			"model": {
			  "type": "model",
			  "model": "item/salmon/capitaine"
			}
		  },
		  {
			"threshold": 22,
			"model": {
			  "type": "model",
			  "model": "item/salmon/synodontis"
			}
		  },
		  {
			"threshold": 23,
			"model": {
			  "type": "model",
			  "model": "item/salmon/angler_fish"
			}
		  },
		  {
			"threshold": 24,
			"model": {
			  "type": "model",
			  "model": "item/salmon/arapaima"
			}
		  },
		  {
			"threshold": 25,
			"model": {
			  "type": "model",
			  "model": "item/salmon/tambaqui"
			}
		  },
		  {
			"threshold": 26,
			"model": {
			  "type": "model",
			  "model": "item/salmon/armored_catfish"
			}
		  },
		  {
			"threshold": 27,
			"model": {
			  "type": "model",
			  "model": "item/salmon/red-bellied_piranha"
			}
		  },
		  {
			"threshold": 28,
			"model": {
			  "type": "model",
			  "model": "item/salmon/electric_eel"
			}
		  }
	  ],
	  "fallback": {
		"type": "model",
		"model": "item/salmon"
	  }
	}
  }